<?xml version="1.0" encoding="utf-8"?>
<database>
    <version>1.0.1</version>
    <name>Data Exchange Security</name>
    <uri>http://www.apprain.com</uri>
    <description><![CDATA[
          Security to exchange data through HTML form 
        ]]></description>
    <author>Reazaul Karim</author>
    <author_uri>http://reazulk.wordpress.com</author_uri>
    <namespace>auto</namespace>
    <help>
        <![CDATA[
            Just install the component, all necessary action will be applied automatically to pass the session id and check after submit the form. 
        ]]>
    </help>
    <checkfiles>
        <filepath>register.php</filepath>
    </checkfiles>
</database>